1,Sam1,Parry1,Sam,Parry,SamMParry@gmail.com,1273 Rockefeller Street,202-555-0167
4,Abubakr2,Harper2,Abubakr,Harper,AbubakrRHarper@daylight.org,384 Lincoln Street,215-770-8921
3,Charlotte3,Thornton3,Charlotte,Thornton,CharlotteHThornton@armyspy.com,9659 Ketch Harbour Road,202-555-0136
2,Tori4,Mathews4,Tori,Mathews,ToryDMathews@gmail.com,66 Gonzales Court,727-803-8230
5,Rhodri5,Davey5,Rhodri,Davey,RhodriJDavey@yahoo.com,8293 Cross Dr.,337-287-6386
6,Kelsea6,Bonilla6,Kelsea,Bonilla,KelseaSBonilla@gmail.com,17 N. Kingston Court,269-729-8030
14,testing,Testing123,Test,Test,test@test,test 123,123-456-7890
18,trifon,Trifon123,trifon,Y,ty@ty.com,123 ty,123 123 123
